method,completed_runs,success_iou_0_5,mean_iou,prediction_availability,absent_target_false_positive_rate,reacquisition_rate
rpf-ReID,50,0.3604609290601368,0.32244049229799915,0.37714560076821513,0.0025481764612199395,0.32038834951456313
Normal part-OCLReID,50,0.48307526107310045,0.4282204309741733,0.545732805185452,0.2264691829909221,0.23300970873786409
Gated part-OCLReID,50,0.556535830032409,0.49380522478549255,0.6477013563797863,0.2761586239847109,0.42718446601941745
