method,robot_motion,Completed runs,GT-visible frames,GT-absent frames,Success@0.5 ↑,Mean IoU ↑,Prediction availability ↑,Absent-target FP rate ↓,Reacquisition rate ↑,Wrong-person rate on visible frames ↓,Correctly localized frames,Prediction-present visible frames,Wrong-person frames,Absent-target FP frames,Reappearance events,Successful reacquisitions
rpf-ReID,Stationary,46,15848,5820,0.3777132761231701,0.33785585731422396,0.3952549217566885,0.0027491408934707906,0.33,0.015774861181221605,5986,6264,250,16,100,33
rpf-ReID,Moving,4,814,459,0.02457002457002457,0.022314319353120962,0.02457002457002457,0.0,0.0,0.0,20,20,0,0,3,0
Normal part-OCLReID,Stationary,46,15848,5820,0.45904846037354874,0.40687981228073705,0.5249242806663301,0.2443298969072165,0.21,0.06278394750126198,7275,8319,995,1422,100,21
Normal part-OCLReID,Moving,4,814,459,0.9508599508599509,0.8437070710891292,0.9508599508599509,0.0,1.0,0.0,774,774,0,0,3,3
Gated part-OCLReID,Stationary,46,15848,5820,0.535020191822312,0.4746444533708658,0.6308051489146895,0.2979381443298969,0.41,0.09029530540131246,8479,9997,1431,1734,100,41
Gated part-OCLReID,Moving,4,814,459,0.9754299754299754,0.8668517915901714,0.9766584766584766,0.0,1.0,0.0,794,795,0,0,3,3
