Method,Completed runs,GT-visible frames,Success@0.5 ↑,Mean IoU ↑,Prediction availability ↑
rpf-ReID,50,16662,0.3604609290601368,0.32244049229799915,0.37714560076821513
Normal part-OCLReID,50,16662,0.48307526107310045,0.42822043097417317,0.545732805185452
Gated part-OCLReID,50,16662,0.556535830032409,0.49380522478549277,0.6477013563797863
