ambiguous_duplicate_target_frames,average_exact_reacquisition_delay_frames,completed_runs,correctly_localized_frames,exact_reappearance_count,false_positive_frames_when_target_absent,ground_truth_absent_frames,ground_truth_visible_frames,group,macro_mean_iou_visible,macro_success_rate_iou_0_5,mean_recovery_delay_frames,micro_annotated_frame_target_state_accuracy,micro_center_precision_20px,micro_exact_reacquisition_rate,micro_false_positive_rate_absent,micro_mean_iou_visible,micro_prediction_availability,micro_reacquisition_rate,micro_success_rate_iou_0_5,prediction_present_on_visible_frames,reappearance_events,successful_exact_reacquisitions,successful_reacquisitions,uncertain_reappearance_count,valid_annotated_frames,weighted_mean_center_error_pixels,wrong_person_frames
0,44.0,15,3298,37,174,631,7996,cam_fish_front,0.42061859045424926,0.48082664950603304,21.4,0.43526138866349834,0.4132066033016508,0.1891891891891892,0.2757527733755943,0.3591499349585538,0.5100050025012506,0.1891891891891892,0.412456228114057,4078,37,7,7,0,8627,46.97597931084964,745
0,73.0,10,1466,10,811,2089,2235,cam_fish_left,0.6416454500498383,0.7077399379746043,15.9375,0.6345975948196114,0.6604026845637584,0.3,0.38822403063666827,0.5955633694181727,0.6863534675615213,0.3,0.6559284116331097,1534,10,3,3,0,4324,8.608027915954665,65
0,24.375,11,2009,21,326,2808,3350,cam_fish_right,0.5349214847689839,0.6098340404921188,9.058823529411764,0.7292952257226373,0.6011940298507462,0.38095238095238093,0.11609686609686609,0.5331920865641767,0.6053731343283583,0.38095238095238093,0.5997014925373134,2028,21,8,8,0,6158,3.014982040857265,14
5,35.166666666666664,14,1276,35,111,751,3081,cam_zed_rgb,0.3888914849306443,0.43462522353220134,14.8,0.5,0.4079844206426485,0.17142857142857143,0.1478029294274301,0.3719468744964193,0.47160012982797794,0.17142857142857143,0.41415124959428756,1453,35,6,6,1,3832,30.315475241564975,171
