{
    "000000.jpg": {
        "target_info": [
            0,
            208,
            95,
            304,
            380,
            -1
        ],
        "det_bboxes": [
            [
                208.26499938964844,
                95.85661315917969,
                304.28338623046875,
                380.6292419433594,
                0.954119861125946
            ]
        ],
        "tracks_target_conf_bbox": {
            "0": [
                [
                    null,
                    null,
                    null,
                    null,
                    null,
                    null,
                    null,
                    null,
                    null,
                    null
                ],
                -1,
                [
                    208,
                    95,
                    304,
                    380
                ]
            ]
        }
    }
}